row,document_raw,document_digits,key_used,reason
2,58314570000136,58314570000136,58314570000136,sem correspondência
3,62738525000186,62738525000186,62738525000186,sem correspondência
4,39241598000146,39241598000146,39241598000146,sem correspondência
7,55728148000139,55728148000139,55728148000139,sem correspondência
11,'06489548119,06489548119,6489548119,sem correspondência
12,'33535831000117,33535831000117,33535831000117,sem correspondência
13,'36291770000188,36291770000188,36291770000188,sem correspondência
14,62509090000106,62509090000106,62509090000106,sem correspondência
15,'62161623000101,62161623000101,62161623000101,sem correspondência
17,'03192499001308,03192499001308,3192499001308,sem correspondência
19,'12114847000186,12114847000186,12114847000186,sem correspondência
20,41575419000159,41575419000159,41575419000159,sem correspondência
22,40969163000100,40969163000100,40969163000100,sem correspondência
28,06205193124,06205193124,6205193124,sem correspondência
29,'18332021000170,18332021000170,18332021000170,sem correspondência
30,44716344000177,44716344000177,44716344000177,sem correspondência
50,'62457096000179,62457096000179,62457096000179,sem correspondência
58,59980345000100,59980345000100,59980345000100,sem correspondência
63,53453571000229,53453571000229,53453571000229,sem correspondência
72,54009198000101,54009198000101,54009198000101,sem correspondência
74,'15084478001943,15084478001943,15084478001943,sem correspondência
76,60131761000104,60131761000104,60131761000104,sem correspondência
77,04549710101,04549710101,4549710101,sem correspondência
79,06205193124,06205193124,6205193124,sem correspondência
89,54840919000112,54840919000112,54840919000112,sem correspondência
93,62259664000127,62259664000127,62259664000127,sem correspondência
96,01491532000131,01491532000131,1491532000131,sem correspondência
118,59879642000236,59879642000236,59879642000236,sem correspondência
130,05812484000197,05812484000197,5812484000197,sem correspondência
132,19749165705,19749165705,19749165705,sem correspondência
137,59642257000190,59642257000190,59642257000190,sem correspondência
146,52502581000163,52502581000163,52502581000163,sem correspondência
152,48699396000133,48699396000133,48699396000133,sem correspondência
154,09181634000324,09181634000324,9181634000324,sem correspondência
159,58923786000107,58923786000107,58923786000107,sem correspondência
166,00323172121,00323172121,323172121,sem correspondência
184,41085624000136,41085624000136,41085624000136,sem correspondência
192,59299603000189,59299603000189,59299603000189,sem correspondência
218,61193202000191,61193202000191,61193202000191,sem correspondência
240,'31882564000129,31882564000129,31882564000129,sem correspondência
249,'39662057000191,39662057000191,39662057000191,sem correspondência
260,43526868000132,43526868000132,43526868000132,sem correspondência
274,'61550720000115,61550720000115,61550720000115,sem correspondência
277,59348451000167,59348451000167,59348451000167,sem correspondência
282,,,0,Documento vazio
283,,,0,Documento vazio
284,,,0,Documento vazio
285,,,0,Documento vazio
286,,,0,Documento vazio
287,,,0,Documento vazio
288,,,0,Documento vazio
289,,,0,Documento vazio
290,,,0,Documento vazio
291,,,0,Documento vazio
292,,,0,Documento vazio
293,,,0,Documento vazio
294,,,0,Documento vazio
295,,,0,Documento vazio
296,,,0,Documento vazio
297,,,0,Documento vazio
298,,,0,Documento vazio
299,,,0,Documento vazio
300,,,0,Documento vazio
301,,,0,Documento vazio
302,,,0,Documento vazio
303,,,0,Documento vazio
304,,,0,Documento vazio
305,,,0,Documento vazio
306,,,0,Documento vazio
307,,,0,Documento vazio
308,,,0,Documento vazio
309,,,0,Documento vazio
310,,,0,Documento vazio
311,,,0,Documento vazio
312,,,0,Documento vazio
313,,,0,Documento vazio
314,,,0,Documento vazio
315,,,0,Documento vazio
316,,,0,Documento vazio
317,,,0,Documento vazio
318,,,0,Documento vazio
319,,,0,Documento vazio
320,,,0,Documento vazio
321,,,0,Documento vazio
322,,,0,Documento vazio
323,,,0,Documento vazio
324,,,0,Documento vazio
325,,,0,Documento vazio
326,,,0,Documento vazio
327,,,0,Documento vazio
328,,,0,Documento vazio
329,,,0,Documento vazio
330,,,0,Documento vazio
331,,,0,Documento vazio
332,,,0,Documento vazio
333,,,0,Documento vazio
334,,,0,Documento vazio
335,,,0,Documento vazio
336,,,0,Documento vazio
337,,,0,Documento vazio
338,,,0,Documento vazio
339,,,0,Documento vazio
340,,,0,Documento vazio
341,,,0,Documento vazio
342,,,0,Documento vazio
343,,,0,Documento vazio
344,,,0,Documento vazio
345,,,0,Documento vazio
346,,,0,Documento vazio
347,,,0,Documento vazio
348,,,0,Documento vazio
349,,,0,Documento vazio
350,,,0,Documento vazio
351,,,0,Documento vazio
352,,,0,Documento vazio
353,,,0,Documento vazio
354,,,0,Documento vazio
355,,,0,Documento vazio
356,,,0,Documento vazio
357,,,0,Documento vazio
358,,,0,Documento vazio
359,,,0,Documento vazio
360,,,0,Documento vazio
361,,,0,Documento vazio
362,,,0,Documento vazio
363,,,0,Documento vazio
364,,,0,Documento vazio
365,,,0,Documento vazio
366,,,0,Documento vazio
367,,,0,Documento vazio
368,,,0,Documento vazio
369,,,0,Documento vazio
370,,,0,Documento vazio
371,,,0,Documento vazio
372,,,0,Documento vazio
373,,,0,Documento vazio
374,,,0,Documento vazio
375,,,0,Documento vazio
376,,,0,Documento vazio
377,,,0,Documento vazio
378,,,0,Documento vazio
379,,,0,Documento vazio
380,,,0,Documento vazio
381,,,0,Documento vazio
382,,,0,Documento vazio
383,,,0,Documento vazio
384,,,0,Documento vazio
385,,,0,Documento vazio
386,,,0,Documento vazio
387,,,0,Documento vazio
388,,,0,Documento vazio
389,,,0,Documento vazio
390,,,0,Documento vazio
391,,,0,Documento vazio
392,,,0,Documento vazio
393,,,0,Documento vazio
394,,,0,Documento vazio
395,,,0,Documento vazio
396,,,0,Documento vazio
397,,,0,Documento vazio
398,,,0,Documento vazio
399,,,0,Documento vazio
400,,,0,Documento vazio
401,,,0,Documento vazio
402,,,0,Documento vazio
403,,,0,Documento vazio
404,,,0,Documento vazio
405,,,0,Documento vazio
406,,,0,Documento vazio
407,,,0,Documento vazio
408,,,0,Documento vazio
409,,,0,Documento vazio
410,,,0,Documento vazio
411,,,0,Documento vazio
412,,,0,Documento vazio
413,,,0,Documento vazio
414,,,0,Documento vazio
415,,,0,Documento vazio
416,,,0,Documento vazio
417,,,0,Documento vazio
418,,,0,Documento vazio
419,,,0,Documento vazio
420,,,0,Documento vazio
421,,,0,Documento vazio
422,,,0,Documento vazio
423,,,0,Documento vazio
424,,,0,Documento vazio
425,,,0,Documento vazio
426,,,0,Documento vazio
427,,,0,Documento vazio
428,,,0,Documento vazio
429,,,0,Documento vazio
430,,,0,Documento vazio
431,,,0,Documento vazio
432,,,0,Documento vazio
433,,,0,Documento vazio
434,,,0,Documento vazio
435,,,0,Documento vazio
436,,,0,Documento vazio
437,,,0,Documento vazio
438,,,0,Documento vazio
439,,,0,Documento vazio
440,,,0,Documento vazio
441,,,0,Documento vazio
442,,,0,Documento vazio
443,,,0,Documento vazio
444,,,0,Documento vazio
445,,,0,Documento vazio
446,,,0,Documento vazio
447,,,0,Documento vazio
448,,,0,Documento vazio
449,,,0,Documento vazio
450,,,0,Documento vazio
451,,,0,Documento vazio
452,,,0,Documento vazio
453,,,0,Documento vazio
454,,,0,Documento vazio
455,,,0,Documento vazio
456,,,0,Documento vazio
457,,,0,Documento vazio
458,,,0,Documento vazio
459,,,0,Documento vazio
460,,,0,Documento vazio
461,,,0,Documento vazio
462,,,0,Documento vazio
463,,,0,Documento vazio
464,,,0,Documento vazio
465,,,0,Documento vazio
466,,,0,Documento vazio
467,,,0,Documento vazio
468,,,0,Documento vazio
469,,,0,Documento vazio
470,,,0,Documento vazio
471,,,0,Documento vazio
472,,,0,Documento vazio
473,,,0,Documento vazio
474,,,0,Documento vazio
475,,,0,Documento vazio
476,,,0,Documento vazio
477,,,0,Documento vazio
478,,,0,Documento vazio
479,,,0,Documento vazio
480,,,0,Documento vazio
481,,,0,Documento vazio
482,,,0,Documento vazio
483,,,0,Documento vazio
484,,,0,Documento vazio
485,,,0,Documento vazio
486,,,0,Documento vazio
487,,,0,Documento vazio
488,,,0,Documento vazio
489,,,0,Documento vazio
490,,,0,Documento vazio
491,,,0,Documento vazio
492,,,0,Documento vazio
493,,,0,Documento vazio
494,,,0,Documento vazio
495,,,0,Documento vazio
496,,,0,Documento vazio
497,,,0,Documento vazio
498,,,0,Documento vazio
499,,,0,Documento vazio
500,,,0,Documento vazio
501,,,0,Documento vazio
502,,,0,Documento vazio
503,,,0,Documento vazio
504,,,0,Documento vazio
505,,,0,Documento vazio
506,,,0,Documento vazio
507,,,0,Documento vazio
508,,,0,Documento vazio
509,,,0,Documento vazio
510,,,0,Documento vazio
511,,,0,Documento vazio
512,,,0,Documento vazio
513,,,0,Documento vazio
514,,,0,Documento vazio
515,,,0,Documento vazio
516,,,0,Documento vazio
517,,,0,Documento vazio
518,,,0,Documento vazio
519,,,0,Documento vazio
520,,,0,Documento vazio
521,,,0,Documento vazio
522,,,0,Documento vazio
523,,,0,Documento vazio
524,,,0,Documento vazio
525,,,0,Documento vazio
526,,,0,Documento vazio
527,,,0,Documento vazio
528,,,0,Documento vazio
529,,,0,Documento vazio
530,,,0,Documento vazio
531,,,0,Documento vazio
532,,,0,Documento vazio
533,,,0,Documento vazio
534,,,0,Documento vazio
535,,,0,Documento vazio
536,,,0,Documento vazio
537,,,0,Documento vazio
538,,,0,Documento vazio
539,,,0,Documento vazio
540,,,0,Documento vazio
541,,,0,Documento vazio
542,,,0,Documento vazio
543,,,0,Documento vazio
544,,,0,Documento vazio
545,,,0,Documento vazio
546,,,0,Documento vazio
547,,,0,Documento vazio
548,,,0,Documento vazio
549,,,0,Documento vazio
550,,,0,Documento vazio
551,,,0,Documento vazio
552,,,0,Documento vazio
553,,,0,Documento vazio
554,,,0,Documento vazio
555,,,0,Documento vazio
556,,,0,Documento vazio
557,,,0,Documento vazio
558,,,0,Documento vazio
559,,,0,Documento vazio
560,,,0,Documento vazio
561,,,0,Documento vazio
562,,,0,Documento vazio
563,,,0,Documento vazio
564,,,0,Documento vazio
565,,,0,Documento vazio
566,,,0,Documento vazio
567,,,0,Documento vazio
568,,,0,Documento vazio
569,,,0,Documento vazio
570,,,0,Documento vazio
571,,,0,Documento vazio
572,,,0,Documento vazio
573,,,0,Documento vazio
574,,,0,Documento vazio
575,,,0,Documento vazio
576,,,0,Documento vazio
577,,,0,Documento vazio
578,,,0,Documento vazio
579,,,0,Documento vazio
580,,,0,Documento vazio
581,,,0,Documento vazio
582,,,0,Documento vazio
583,,,0,Documento vazio
584,,,0,Documento vazio
585,,,0,Documento vazio
586,,,0,Documento vazio
587,,,0,Documento vazio
588,,,0,Documento vazio
589,,,0,Documento vazio
590,,,0,Documento vazio
591,,,0,Documento vazio
592,,,0,Documento vazio
593,,,0,Documento vazio
594,,,0,Documento vazio
595,,,0,Documento vazio
596,,,0,Documento vazio
597,,,0,Documento vazio
598,,,0,Documento vazio
599,,,0,Documento vazio
600,,,0,Documento vazio
601,,,0,Documento vazio
602,,,0,Documento vazio
603,,,0,Documento vazio
604,,,0,Documento vazio
605,,,0,Documento vazio
606,,,0,Documento vazio
607,,,0,Documento vazio
608,,,0,Documento vazio
609,,,0,Documento vazio
610,,,0,Documento vazio
611,,,0,Documento vazio
612,,,0,Documento vazio
613,,,0,Documento vazio
614,,,0,Documento vazio
615,,,0,Documento vazio
616,,,0,Documento vazio
617,,,0,Documento vazio
618,,,0,Documento vazio
619,,,0,Documento vazio
620,,,0,Documento vazio
621,,,0,Documento vazio
622,,,0,Documento vazio
623,,,0,Documento vazio
624,,,0,Documento vazio
625,,,0,Documento vazio
626,,,0,Documento vazio
627,,,0,Documento vazio
628,,,0,Documento vazio
629,,,0,Documento vazio
630,,,0,Documento vazio
631,,,0,Documento vazio
632,,,0,Documento vazio
633,,,0,Documento vazio
634,,,0,Documento vazio
635,,,0,Documento vazio
636,,,0,Documento vazio
637,,,0,Documento vazio
638,,,0,Documento vazio
639,,,0,Documento vazio
640,,,0,Documento vazio
641,,,0,Documento vazio
642,,,0,Documento vazio
643,,,0,Documento vazio
644,,,0,Documento vazio
645,,,0,Documento vazio
646,,,0,Documento vazio
647,,,0,Documento vazio
648,,,0,Documento vazio
649,,,0,Documento vazio
650,,,0,Documento vazio
651,,,0,Documento vazio
652,,,0,Documento vazio
653,,,0,Documento vazio
654,,,0,Documento vazio
655,,,0,Documento vazio
656,,,0,Documento vazio
657,,,0,Documento vazio
658,,,0,Documento vazio
659,,,0,Documento vazio
660,,,0,Documento vazio
661,,,0,Documento vazio
662,,,0,Documento vazio
663,,,0,Documento vazio
664,,,0,Documento vazio
665,,,0,Documento vazio
666,,,0,Documento vazio
667,,,0,Documento vazio
668,,,0,Documento vazio
669,,,0,Documento vazio
670,,,0,Documento vazio
671,,,0,Documento vazio
672,,,0,Documento vazio
673,,,0,Documento vazio
674,,,0,Documento vazio
675,,,0,Documento vazio
676,,,0,Documento vazio
677,,,0,Documento vazio
678,,,0,Documento vazio
679,,,0,Documento vazio
680,,,0,Documento vazio
681,,,0,Documento vazio
682,,,0,Documento vazio
683,,,0,Documento vazio
684,,,0,Documento vazio
685,,,0,Documento vazio
686,,,0,Documento vazio
687,,,0,Documento vazio
688,,,0,Documento vazio
689,,,0,Documento vazio
690,,,0,Documento vazio
691,,,0,Documento vazio
692,,,0,Documento vazio
693,,,0,Documento vazio
694,,,0,Documento vazio
695,,,0,Documento vazio
696,,,0,Documento vazio
697,,,0,Documento vazio
698,,,0,Documento vazio
699,,,0,Documento vazio
700,,,0,Documento vazio
701,,,0,Documento vazio
702,,,0,Documento vazio
703,,,0,Documento vazio
704,,,0,Documento vazio
705,,,0,Documento vazio
706,,,0,Documento vazio
707,,,0,Documento vazio
708,,,0,Documento vazio
709,,,0,Documento vazio
710,,,0,Documento vazio
711,,,0,Documento vazio
712,,,0,Documento vazio
713,,,0,Documento vazio
714,,,0,Documento vazio
715,,,0,Documento vazio
716,,,0,Documento vazio
717,,,0,Documento vazio
718,,,0,Documento vazio
719,,,0,Documento vazio
720,,,0,Documento vazio
721,,,0,Documento vazio
722,,,0,Documento vazio
723,,,0,Documento vazio
724,,,0,Documento vazio
725,,,0,Documento vazio
726,,,0,Documento vazio
727,,,0,Documento vazio
728,,,0,Documento vazio
729,,,0,Documento vazio
730,,,0,Documento vazio
731,,,0,Documento vazio
732,,,0,Documento vazio
733,,,0,Documento vazio
734,,,0,Documento vazio
735,,,0,Documento vazio
736,,,0,Documento vazio
737,,,0,Documento vazio
738,,,0,Documento vazio
739,,,0,Documento vazio
740,,,0,Documento vazio
741,,,0,Documento vazio
742,,,0,Documento vazio
743,,,0,Documento vazio
744,,,0,Documento vazio
745,,,0,Documento vazio
746,,,0,Documento vazio
747,,,0,Documento vazio
748,,,0,Documento vazio
749,,,0,Documento vazio
750,,,0,Documento vazio
751,,,0,Documento vazio
752,,,0,Documento vazio
753,,,0,Documento vazio
754,,,0,Documento vazio
755,,,0,Documento vazio
756,,,0,Documento vazio
757,,,0,Documento vazio
758,,,0,Documento vazio
759,,,0,Documento vazio
760,,,0,Documento vazio
761,,,0,Documento vazio
762,,,0,Documento vazio
763,,,0,Documento vazio
764,,,0,Documento vazio
765,,,0,Documento vazio
766,,,0,Documento vazio
767,,,0,Documento vazio
768,,,0,Documento vazio
769,,,0,Documento vazio
770,,,0,Documento vazio
771,,,0,Documento vazio
772,,,0,Documento vazio
773,,,0,Documento vazio
774,,,0,Documento vazio
775,,,0,Documento vazio
776,,,0,Documento vazio
777,,,0,Documento vazio
778,,,0,Documento vazio
779,,,0,Documento vazio
780,,,0,Documento vazio
781,,,0,Documento vazio
782,,,0,Documento vazio
783,,,0,Documento vazio
784,,,0,Documento vazio
785,,,0,Documento vazio
786,,,0,Documento vazio
787,,,0,Documento vazio
788,,,0,Documento vazio
789,,,0,Documento vazio
790,,,0,Documento vazio
791,,,0,Documento vazio
792,,,0,Documento vazio
793,,,0,Documento vazio
794,,,0,Documento vazio
795,,,0,Documento vazio
796,,,0,Documento vazio
797,,,0,Documento vazio
798,,,0,Documento vazio
799,,,0,Documento vazio
800,,,0,Documento vazio
801,,,0,Documento vazio
802,,,0,Documento vazio
803,,,0,Documento vazio
804,,,0,Documento vazio
805,,,0,Documento vazio
806,,,0,Documento vazio
807,,,0,Documento vazio
808,,,0,Documento vazio
809,,,0,Documento vazio
810,,,0,Documento vazio
811,,,0,Documento vazio
812,,,0,Documento vazio
813,,,0,Documento vazio
814,,,0,Documento vazio
815,,,0,Documento vazio
816,,,0,Documento vazio
817,,,0,Documento vazio
818,,,0,Documento vazio
819,,,0,Documento vazio
820,,,0,Documento vazio
821,,,0,Documento vazio
822,,,0,Documento vazio
823,,,0,Documento vazio
824,,,0,Documento vazio
825,,,0,Documento vazio
826,,,0,Documento vazio
827,,,0,Documento vazio
828,,,0,Documento vazio
829,,,0,Documento vazio
830,,,0,Documento vazio
831,,,0,Documento vazio
832,,,0,Documento vazio
833,,,0,Documento vazio
834,,,0,Documento vazio
835,,,0,Documento vazio
836,,,0,Documento vazio
837,,,0,Documento vazio
838,,,0,Documento vazio
839,,,0,Documento vazio
840,,,0,Documento vazio
841,,,0,Documento vazio
842,,,0,Documento vazio
843,,,0,Documento vazio
844,,,0,Documento vazio
845,,,0,Documento vazio
846,,,0,Documento vazio
847,,,0,Documento vazio
848,,,0,Documento vazio
849,,,0,Documento vazio
850,,,0,Documento vazio
851,,,0,Documento vazio
852,,,0,Documento vazio
853,,,0,Documento vazio
854,,,0,Documento vazio
855,,,0,Documento vazio
856,,,0,Documento vazio
857,,,0,Documento vazio
858,,,0,Documento vazio
859,,,0,Documento vazio
860,,,0,Documento vazio
861,,,0,Documento vazio
862,,,0,Documento vazio
863,,,0,Documento vazio
864,,,0,Documento vazio
865,,,0,Documento vazio
866,,,0,Documento vazio
867,,,0,Documento vazio
868,,,0,Documento vazio
869,,,0,Documento vazio
870,,,0,Documento vazio
871,,,0,Documento vazio
872,,,0,Documento vazio
873,,,0,Documento vazio
874,,,0,Documento vazio
875,,,0,Documento vazio
876,,,0,Documento vazio
877,,,0,Documento vazio
878,,,0,Documento vazio
879,,,0,Documento vazio
880,,,0,Documento vazio
881,,,0,Documento vazio
882,,,0,Documento vazio
883,,,0,Documento vazio
884,,,0,Documento vazio
885,,,0,Documento vazio
886,,,0,Documento vazio
887,,,0,Documento vazio
888,,,0,Documento vazio
889,,,0,Documento vazio
890,,,0,Documento vazio
891,,,0,Documento vazio
892,,,0,Documento vazio
893,,,0,Documento vazio
894,,,0,Documento vazio
895,,,0,Documento vazio
896,,,0,Documento vazio
897,,,0,Documento vazio
898,,,0,Documento vazio
899,,,0,Documento vazio
900,,,0,Documento vazio
901,,,0,Documento vazio
902,,,0,Documento vazio
903,,,0,Documento vazio
904,,,0,Documento vazio
905,,,0,Documento vazio
906,,,0,Documento vazio
907,,,0,Documento vazio
908,,,0,Documento vazio
909,,,0,Documento vazio
910,,,0,Documento vazio
911,,,0,Documento vazio
912,,,0,Documento vazio
913,,,0,Documento vazio
914,,,0,Documento vazio
915,,,0,Documento vazio
916,,,0,Documento vazio
917,,,0,Documento vazio
918,,,0,Documento vazio
919,,,0,Documento vazio
920,,,0,Documento vazio
921,,,0,Documento vazio
922,,,0,Documento vazio
923,,,0,Documento vazio
924,,,0,Documento vazio
925,,,0,Documento vazio
926,,,0,Documento vazio
927,,,0,Documento vazio
928,,,0,Documento vazio
929,,,0,Documento vazio
930,,,0,Documento vazio
931,,,0,Documento vazio
932,,,0,Documento vazio
933,,,0,Documento vazio
934,,,0,Documento vazio
935,,,0,Documento vazio
936,,,0,Documento vazio
937,,,0,Documento vazio
938,,,0,Documento vazio
939,,,0,Documento vazio
940,,,0,Documento vazio
941,,,0,Documento vazio
942,,,0,Documento vazio
943,,,0,Documento vazio
944,,,0,Documento vazio
945,,,0,Documento vazio
946,,,0,Documento vazio
947,,,0,Documento vazio
948,,,0,Documento vazio
949,,,0,Documento vazio
950,,,0,Documento vazio
951,,,0,Documento vazio
952,,,0,Documento vazio
953,,,0,Documento vazio
954,,,0,Documento vazio
955,,,0,Documento vazio
956,,,0,Documento vazio
957,,,0,Documento vazio
958,,,0,Documento vazio
959,,,0,Documento vazio
960,,,0,Documento vazio
961,,,0,Documento vazio
962,,,0,Documento vazio
963,,,0,Documento vazio
964,,,0,Documento vazio
965,,,0,Documento vazio
966,,,0,Documento vazio
967,,,0,Documento vazio
968,,,0,Documento vazio
969,,,0,Documento vazio
970,,,0,Documento vazio
971,,,0,Documento vazio
972,,,0,Documento vazio
973,,,0,Documento vazio
974,,,0,Documento vazio
975,,,0,Documento vazio
976,,,0,Documento vazio
977,,,0,Documento vazio
978,,,0,Documento vazio
979,,,0,Documento vazio
980,,,0,Documento vazio
981,,,0,Documento vazio
982,,,0,Documento vazio
983,,,0,Documento vazio
984,,,0,Documento vazio
985,,,0,Documento vazio
986,,,0,Documento vazio
987,,,0,Documento vazio
988,,,0,Documento vazio
989,,,0,Documento vazio
990,,,0,Documento vazio
991,,,0,Documento vazio
992,,,0,Documento vazio
993,,,0,Documento vazio
994,,,0,Documento vazio
995,,,0,Documento vazio
996,,,0,Documento vazio
997,,,0,Documento vazio
998,,,0,Documento vazio
999,,,0,Documento vazio
1000,,,0,Documento vazio
